{
  "project_info": {
    "project_number": "799202240143",
    "project_id": "app-all-gmaes",
    "storage_bucket": "app-all-gmaes.appspot.com"
  },
  "client": [
    {
      "client_info": {
        "mobilesdk_app_id": "1:799202240143:android:b6a2702a23a38adb6772fa",
        "android_client_info": {
          "package_name": "com.example.all_games_app"
        }
      },
      "oauth_client": [
        {
          "client_id": "799202240143-qtpft5jm6o45ks4gssbid1m1t99s2ero.apps.googleusercontent.com",
          "client_type": 3
        }
      ],
      "api_key": [
        {
          "current_key": "AIzaSyAlWlkb_9yz5sjGTQubAacWqnTj-ORMKps"
        }
      ],
      "services": {
        "appinvite_service": {
          "other_platform_oauth_client": [
            {
              "client_id": "799202240143-qtpft5jm6o45ks4gssbid1m1t99s2ero.apps.googleusercontent.com",
              "client_type": 3
            }
          ]
        }
      }
    }
  ],
  "configuration_version": "1"
}